{"timestamps": [1588974146.032908, 1588974167.451679, 1588974188.456152], "initial_reset_timestamp": 1588974124.595515, "episode_types": ["t", "t", "t"], "episode_lengths": [10, 10, 10], "episode_rewards": [6.415099556076791, 6.128221078225689, 5.422548383836883]}