{"timestamps": [1588971601.156102, 1588971625.541122, 1588971649.926291, 1588971674.331254, 1588971698.379694], "initial_reset_timestamp": 1588971578.761902, "episode_types": ["t", "t", "t", "t", "t"], "episode_lengths": [10, 10, 10, 10, 10], "episode_rewards": [5.672087222412275, 6.8526044339624015, 7.3573709083558665, 5.935205362360733, 5.559330834517157]}